Cycle start time,Cycle end time,Cycle timezone,Sleep onset,Wake onset,Sleep performance %,Respiratory rate (rpm),Asleep duration (min),In bed duration (min),Light sleep duration (min),Deep (SWS) duration (min),REM duration (min),Awake duration (min),Sleep need (min),Sleep debt (min),Sleep efficiency %,Sleep consistency %,Nap
2024-04-22 23:07:26,,UTC-04:00,2024-04-22 23:07:26,2024-04-23 07:33:34,89,14.0,434,506,164,97,173,72,487,0,86,79,false
2024-04-21 22:51:03,2024-04-22 23:07:26,UTC-04:00,2024-04-21 22:51:03,2024-04-22 08:41:47,100,13.8,554,588,270,126,158,34,506,19,94,77,false
2024-04-20 22:24:05,2024-04-21 22:51:03,UTC-04:00,2024-04-20 22:24:05,2024-04-21 06:44:56,94,13.9,463,500,251,80,132,37,493,25,92,74,false
2024-04-19 22:49:03,2024-04-20 22:24:05,UTC-04:00,2024-04-19 22:49:03,2024-04-20 06:40:34,92,14.9,440,467,234,80,126,27,480,0,94,74,false
2024-04-18 23:12:04,2024-04-19 22:49:03,UTC-04:00,2024-04-18 23:12:04,2024-04-19 09:04:43,100,14.9,531,580,294,88,149,49,529,44,92,72,false
2024-04-18 00:04:48,2024-04-18 23:12:04,UTC-04:00,2024-04-18 00:04:48,2024-04-18 07:57:17,83,14.1,429,472,235,86,108,43,518,41,93,68,false
2024-04-16 22:51:42,2024-04-18 00:04:48,UTC-04:00,2024-04-16 22:51:42,2024-04-17 06:31:13,83,14.7,418,458,232,57,129,40,501,0,95,77,false
2024-04-15 21:48:42,2024-04-16 22:51:42,UTC-04:00,2024-04-15 21:48:42,2024-04-16 07:29:49,100,15.0,518,577,377,94,47,59,508,0,90,81,false
2024-04-14 22:10:46,2024-04-15 21:48:42,UTC-04:00,2024-04-14 22:10:46,2024-04-15 08:31:46,100,14.1,550,619,305,101,144,69,495,28,88,76,false
2024-04-13 21:50:59,2024-04-14 22:10:46,UTC-04:00,2024-04-13 21:50:59,2024-04-14 06:29:37,91,13.4,455,518,228,90,137,63,499,33,88,72,false
2024-04-12 21:42:47,2024-04-13 21:50:59,UTC-04:00,2024-04-12 21:42:47,2024-04-13 06:42:05,90,13.5,446,535,249,49,148,89,497,6,83,70,false
2024-04-11 22:53:24,2024-04-12 21:42:47,UTC-04:00,2024-04-11 22:53:24,2024-04-12 08:52:47,98,13.3,493,595,230,114,149,102,502,21,82,70,false
2024-04-10 22:55:16,2024-04-11 22:53:24,UTC-04:00,2024-04-10 22:55:16,2024-04-11 07:50:15,93,13.7,432,529,273,65,94,97,465,0,83,58,false
2024-04-09 22:42:44,2024-04-10 22:55:16,UTC-04:00,2024-04-09 22:42:44,2024-04-10 07:49:15,100,16.3,462,544,301,108,53,82,239,127,84,45,false
2024-04-08 20:03:08,2024-04-09 22:42:44,UTC-04:00,2024-04-09 05:03:52,2024-04-09 10:01:23,52,16.7,257,297,140,54,63,40,494,127,87,,true
2024-04-08 20:03:08,2024-04-09 22:42:44,UTC-04:00,2024-04-09 00:42:23,2024-04-09 02:45:55,16,18.7,95,114,73,22,0,19,590,127,83,,true
2024-04-08 20:03:08,2024-04-09 22:42:44,UTC-04:00,2024-04-08 20:03:08,2024-04-08 21:11:23,7,19.4,31,68,23,6,2,37,465,0,45,54,false
2024-04-07 18:58:12,2024-04-08 20:03:08,UTC-04:00,2024-04-07 18:58:12,2024-04-08 09:00:48,100,17.4,659,832,537,64,58,173,485,0,79,46,false
2024-04-06 21:49:17,2024-04-07 18:58:12,UTC-04:00,2024-04-06 21:49:17,2024-04-07 06:50:59,100,14.4,500,541,238,119,143,41,501,28,95,67,false
2024-04-05 22:59:51,2024-04-06 21:49:17,UTC-04:00,2024-04-05 22:59:51,2024-04-06 06:41:17,88,14.3,413,460,239,82,92,47,471,6,90,78,false
2024-04-04 23:43:28,2024-04-05 22:59:51,UTC-04:00,2024-04-04 23:43:28,2024-04-05 08:08:38,98,14.6,483,497,244,99,140,14,493,12,97,69,false
2024-04-03 22:59:40,2024-04-04 23:43:28,UTC-04:00,2024-04-03 22:59:40,2024-04-04 09:02:25,97,13.9,541,602,265,138,138,61,560,89,90,65,false
2024-04-03 01:07:44,2024-04-03 22:59:40,UTC-04:00,2024-04-03 01:07:44,2024-04-03 07:01:30,64,14.7,312,351,183,75,54,39,492,26,90,64,false
2024-04-01 22:15:36,2024-04-03 01:07:44,UTC-04:00,2024-04-01 22:15:36,2024-04-02 07:01:55,89,14.3,456,522,210,96,150,66,509,16,89,83,false
2024-03-31 22:18:53,2024-04-01 22:15:36,UTC-04:00,2024-03-31 22:18:53,2024-04-01 06:59:55,94,14.1,475,520,222,105,148,45,507,0,91,88,false
2024-03-30 22:57:08,2024-03-31 22:18:53,UTC-04:00,2024-03-30 22:57:08,2024-03-31 07:59:48,100,14.4,511,536,291,126,94,25,463,0,95,91,false
2024-03-29 23:07:10,2024-03-30 22:57:08,UTC-04:00,2024-03-29 23:07:10,2024-03-30 08:17:04,100,14.2,507,549,409,62,36,42,482,18,92,88,false
2024-03-28 22:39:43,2024-03-29 23:07:10,UTC-04:00,2024-03-28 22:39:43,2024-03-29 07:34:41,93,14.3,473,534,215,114,144,61,511,19,90,89,false
2024-03-27 23:20:32,2024-03-28 22:39:43,UTC-04:00,2024-03-27 23:20:32,2024-03-28 07:42:21,92,14.1,472,501,235,115,122,29,512,23,94,86,false
2024-03-26 23:30:26,2024-03-27 23:20:32,UTC-04:00,2024-03-26 23:30:26,2024-03-27 08:06:40,90,14.0,436,516,234,96,106,80,482,0,86,77,false
2024-03-25 22:31:24,2024-03-26 23:30:26,UTC-04:00,2024-03-25 22:31:24,2024-03-26 07:52:20,100,14.1,508,558,203,128,177,50,485,6,91,83,false
2024-03-24 22:47:14,2024-03-25 22:31:24,UTC-04:00,2024-03-24 22:47:14,2024-03-25 07:05:12,97,13.8,456,497,263,94,99,41,468,0,91,85,false
2024-03-23 21:44:53,2024-03-24 22:47:14,UTC-04:00,2024-03-23 21:44:53,2024-03-24 06:46:34,100,13.8,504,541,354,68,82,37,476,8,93,86,false
2024-03-22 21:30:24,2024-03-23 21:44:53,UTC-04:00,2024-03-22 21:30:24,2024-03-23 06:45:34,96,14.3,473,555,273,107,93,82,491,9,85,81,false
2024-03-21 22:30:23,2024-03-22 21:30:24,UTC-04:00,2024-03-21 22:30:23,2024-03-22 07:31:07,97,14.1,502,540,188,122,192,38,517,15,94,82,false
2024-03-20 22:44:45,2024-03-21 22:30:23,UTC-04:00,2024-03-20 22:44:45,2024-03-21 06:54:32,94,14.2,453,489,170,114,169,36,483,0,93,78,false
2024-03-19 20:34:27,2024-03-20 22:44:45,UTC-04:00,2024-03-19 20:34:27,2024-03-20 06:42:29,100,14.5,540,595,306,110,124,55,480,0,90,71,false
2024-03-18 21:51:19,2024-03-19 20:34:27,UTC-04:00,2024-03-18 21:51:19,2024-03-19 07:50:13,100,15.0,523,593,255,106,162,70,494,0,90,81,false
2024-03-17 21:53:12,2024-03-18 21:51:19,UTC-04:00,2024-03-17 21:53:12,2024-03-18 07:03:05,100,14.2,518,549,325,65,128,31,484,16,94,80,false
2024-03-16 22:43:38,2024-03-17 21:53:12,UTC-04:00,2024-03-16 22:43:38,2024-03-17 06:47:40,93,14.4,458,483,223,82,153,25,492,22,95,72,false
2024-03-15 22:21:37,2024-03-16 22:43:38,UTC-04:00,2024-03-15 22:21:37,2024-03-16 06:39:35,91,14.8,440,496,272,79,89,56,484,0,90,76,false
2024-03-14 22:02:50,2024-03-15 22:21:37,UTC-04:00,2024-03-14 22:02:50,2024-03-15 09:22:29,100,15.0,627,679,301,140,186,52,495,0,92,75,false
2024-03-13 21:46:55,2024-03-14 22:02:50,UTC-04:00,2024-03-13 21:46:55,2024-03-14 07:46:47,100,14.9,529,597,261,124,144,68,472,0,88,83,false
2024-03-12 21:40:09,2024-03-13 21:46:55,UTC-04:00,2024-03-12 21:40:09,2024-03-13 08:17:01,100,14.5,558,633,311,99,148,75,493,11,89,71,false
2024-03-11 23:01:39,2024-03-12 21:40:09,UTC-04:00,2024-03-11 23:01:39,2024-03-12 07:29:42,96,14.1,467,508,214,105,148,41,485,0,91,64,false
2024-03-10 21:01:55,2024-03-11 23:01:39,UTC-04:00,2024-03-10 21:01:55,2024-03-11 06:54:34,100,14.7,529,591,306,137,86,62,527,23,89,53,false
2024-03-09 20:45:09,2024-03-10 20:01:55,UTC-05:00,2024-03-09 20:45:09,2024-03-10 05:45:16,91,14.8,500,539,273,82,145,39,548,81,92,59,false
2024-03-09 02:00:13,2024-03-09 20:45:09,UTC-05:00,2024-03-09 02:00:13,2024-03-09 06:55:03,62,15.5,262,294,108,74,80,32,424,0,88,39,false
2024-03-07 21:12:56,2024-03-09 02:00:13,UTC-05:00,2024-03-08 14:21:03,2024-03-08 15:30:45,14,16.5,65,69,65,0,0,4,465,0,94,,true
2024-03-07 21:12:56,2024-03-09 02:00:13,UTC-05:00,2024-03-07 21:12:56,2024-03-08 07:59:54,100,15.2,617,646,372,115,130,29,467,0,95,87,false
2024-03-06 21:21:32,2024-03-07 21:12:56,UTC-05:00,2024-03-06 21:21:32,2024-03-07 07:38:14,100,15.2,569,616,430,58,81,47,463,0,92,79,false
2024-03-05 21:29:40,2024-03-06 21:21:32,UTC-05:00,2024-03-05 21:29:40,2024-03-06 08:29:08,100,14.7,591,659,347,83,161,68,492,10,89,73,false
2024-03-04 22:29:37,2024-03-05 21:29:40,UTC-05:00,2024-03-04 22:29:37,2024-03-05 06:56:14,97,14.3,466,506,345,52,69,40,482,0,92,85,false
2024-03-03 21:15:32,2024-03-04 22:29:37,UTC-05:00,2024-03-03 21:15:32,2024-03-04 06:52:49,100,14.5,523,577,271,116,136,54,499,15,92,74,false
2024-03-02 22:32:24,2024-03-03 21:15:32,UTC-05:00,2024-03-02 22:32:24,2024-03-03 06:52:17,93,14.7,433,497,190,91,152,64,463,0,89,76,false
2024-03-01 22:38:34,2024-03-02 22:32:24,UTC-05:00,2024-03-01 22:38:34,2024-03-02 08:55:17,100,15.8,551,616,303,104,144,65,508,20,89,74,false
2024-02-29 22:42:49,2024-03-01 22:38:34,UTC-05:00,2024-02-29 22:42:49,2024-03-01 07:16:38,91,14.8,440,511,239,100,101,71,482,12,86,87,false
2024-02-28 22:14:54,2024-02-29 22:42:49,UTC-05:00,2024-02-28 22:14:54,2024-02-29 06:49:41,96,15.4,470,514,313,91,66,44,490,27,91,92,false
2024-02-27 21:46:30,2024-02-28 22:14:54,UTC-05:00,2024-02-27 21:46:30,2024-02-28 06:47:14,89,15.0,466,534,239,86,141,68,521,36,87,87,false
2024-02-26 22:17:43,2024-02-27 21:46:30,UTC-05:00,2024-02-26 22:17:43,2024-02-27 07:25:11,86,15.2,434,547,239,82,113,113,507,22,81,88,false
2024-02-25 22:19:32,2024-02-26 22:17:43,UTC-05:00,2024-02-25 22:19:32,2024-02-26 06:44:46,90,14.1,424,501,184,96,144,77,470,5,85,85,false
2024-02-24 21:49:43,2024-02-25 22:19:32,UTC-05:00,2024-02-24 21:49:43,2024-02-25 06:45:11,98,14.4,476,528,275,115,86,52,485,12,90,82,false
2024-02-23 22:57:56,2024-02-24 21:49:43,UTC-05:00,2024-02-23 22:57:56,2024-02-24 07:42:49,96,15.2,457,524,239,104,114,67,477,14,89,77,false
2024-02-22 22:31:57,2024-02-23 22:57:56,UTC-05:00,2024-02-22 22:31:57,2024-02-23 07:45:11,96,15.6,484,549,258,91,135,65,506,0,88,72,false
2024-02-21 21:01:32,2024-02-22 22:31:57,UTC-05:00,2024-02-21 21:01:32,2024-02-22 06:40:44,100,14.7,529,576,266,99,164,47,484,14,92,84,false
2024-02-20 21:33:13,2024-02-21 21:01:32,UTC-05:00,2024-02-20 21:33:13,2024-02-21 06:31:05,95,14.9,459,536,244,98,117,77,482,0,88,76,false
2024-02-19 20:46:04,2024-02-20 21:33:13,UTC-05:00,2024-02-19 20:46:04,2024-02-20 06:44:00,100,14.1,550,597,253,135,162,47,497,34,92,61,false
2024-02-18 21:54:45,2024-02-19 20:46:04,UTC-05:00,2024-02-18 21:54:45,2024-02-19 06:30:01,86,14.5,429,515,181,100,148,86,498,27,83,72,false
2024-02-17 23:32:44,2024-02-18 21:54:45,UTC-05:00,2024-02-17 23:32:44,2024-02-18 07:37:14,88,14.5,410,483,241,98,71,73,465,0,87,75,false
2024-02-16 22:48:58,2024-02-17 23:32:44,UTC-05:00,2024-02-16 22:48:58,2024-02-17 09:18:08,100,14.6,515,629,267,117,131,114,463,0,82,79,false
2024-02-15 22:50:21,2024-02-16 22:48:58,UTC-05:00,2024-02-15 22:50:21,2024-02-16 09:07:02,100,15.6,546,614,304,115,127,68,523,23,90,70,false
2024-02-14 22:17:10,2024-02-15 22:50:21,UTC-05:00,2024-02-14 22:17:10,2024-02-15 06:59:34,91,14.4,470,521,213,102,155,51,517,35,90,83,false
2024-02-13 22:10:45,2024-02-14 22:17:10,UTC-05:00,2024-02-13 22:10:45,2024-02-14 06:49:01,86,15.3,432,513,235,84,113,81,503,19,86,80,false
2024-02-12 23:35:47,2024-02-13 22:10:45,UTC-05:00,2024-02-12 23:35:47,2024-02-13 07:54:43,92,14.5,463,498,242,92,129,35,502,28,92,82,false
2024-02-11 23:07:53,2024-02-12 23:35:47,UTC-05:00,2024-02-11 23:07:53,2024-02-12 06:52:03,88,15.0,409,459,225,72,112,50,466,0,89,81,false
2024-02-10 22:06:17,2024-02-11 23:07:53,UTC-05:00,2024-02-10 22:06:17,2024-02-11 07:59:36,100,15.5,574,593,293,111,170,19,504,13,96,76,false
2024-02-09 23:52:28,2024-02-10 22:06:17,UTC-05:00,2024-02-09 23:52:28,2024-02-10 08:25:20,95,14.5,472,512,151,142,179,40,499,21,92,64,false
2024-02-08 22:44:11,2024-02-09 23:52:28,UTC-05:00,2024-02-08 22:44:11,2024-02-09 06:50:21,91,15.3,447,473,240,108,99,26,490,0,95,80,false
2024-02-07 21:45:58,2024-02-08 22:44:11,UTC-05:00,2024-02-07 21:45:58,2024-02-08 07:16:31,100,14.5,529,569,338,93,98,40,475,0,92,82,false
2024-02-06 21:27:28,2024-02-07 21:45:58,UTC-05:00,2024-02-06 21:27:28,2024-02-07 06:30:33,100,15.5,498,541,340,72,86,43,476,0,92,80,false
2024-02-05 21:31:45,2024-02-06 21:27:28,UTC-05:00,2024-02-05 21:31:45,2024-02-06 07:49:17,100,14.6,546,597,327,77,142,51,514,43,91,75,false
2024-02-04 23:23:41,2024-02-05 21:31:45,UTC-05:00,2024-02-04 23:23:41,2024-02-05 06:29:32,82,14.4,390,425,239,75,76,35,476,10,91,84,false
2024-02-03 23:28:26,2024-02-04 23:23:41,UTC-05:00,2024-02-03 23:28:26,2024-02-04 07:37:16,95,14.0,447,485,253,103,91,38,469,0,92,76,false
2024-02-02 21:28:43,2024-02-03 23:28:26,UTC-05:00,2024-02-02 21:28:43,2024-02-03 07:58:51,100,14.9,576,621,403,105,68,45,465,0,92,81,false
2024-02-01 22:41:22,2024-02-02 21:28:43,UTC-05:00,2024-02-01 22:41:22,2024-02-02 08:08:32,100,14.8,509,558,277,100,132,49,490,0,91,71,false
2024-01-31 22:02:57,2024-02-01 22:41:22,UTC-05:00,2024-01-31 22:02:57,2024-02-01 07:33:22,100,14.6,506,567,289,78,139,61,471,0,89,76,false
2024-01-30 20:31:35,2024-01-31 22:02:57,UTC-05:00,2024-01-30 20:31:35,2024-01-31 06:36:15,100,14.5,513,595,298,88,127,82,477,0,88,84,false
2024-01-29 21:09:37,2024-01-30 20:31:35,UTC-05:00,2024-01-29 21:09:37,2024-01-30 06:52:50,100,14.4,522,583,258,107,157,61,483,0,91,83,false
2024-01-28 20:54:41,2024-01-29 21:09:37,UTC-05:00,2024-01-28 20:54:41,2024-01-29 06:45:23,100,13.8,522,586,276,113,133,64,471,0,89,69,false
2024-01-27 22:10:35,2024-01-28 20:54:41,UTC-05:00,2024-01-27 22:10:35,2024-01-28 08:18:30,100,14.7,558,599,302,95,161,41,479,14,94,72,false
2024-01-26 21:21:03,2024-01-27 22:10:35,UTC-05:00,2024-01-26 21:21:03,2024-01-27 06:56:32,96,14.5,502,563,274,92,136,61,525,46,91,82,false
2024-01-25 23:56:49,2024-01-26 21:21:03,UTC-05:00,2024-01-25 23:56:49,2024-01-26 06:50:03,80,14.5,373,408,199,81,93,35,467,2,93,69,false
2024-01-24 22:01:55,2024-01-25 23:56:49,UTC-05:00,2024-01-24 22:01:55,2024-01-25 06:38:08,99,14.6,471,516,221,115,135,45,475,0,91,83,false
2024-01-23 21:13:31,2024-01-24 22:01:55,UTC-05:00,2024-01-23 21:13:31,2024-01-24 07:04:44,100,15.1,532,591,291,107,134,59,464,0,91,78,false
2024-01-22 20:42:44,2024-01-23 21:13:31,UTC-05:00,2024-01-22 20:42:44,2024-01-23 06:59:53,100,14.5,512,613,198,76,238,101,502,23,86,64,false
2024-01-21 22:26:59,2024-01-22 20:42:44,UTC-05:00,2024-01-21 22:26:59,2024-01-22 06:49:40,92,14.4,437,497,209,104,124,60,475,0,90,82,false
2024-01-20 23:13:05,2024-01-21 22:26:59,UTC-05:00,2024-01-20 23:13:05,2024-01-21 08:03:15,100,15.3,500,526,394,21,85,26,465,0,95,80,false
2024-01-19 22:17:45,2024-01-20 23:13:05,UTC-05:00,2024-01-19 22:17:45,2024-01-20 08:36:21,100,14.9,572,609,378,97,97,37,525,46,93,71,false
2024-01-18 23:32:13,2024-01-19 22:17:45,UTC-05:00,2024-01-18 23:32:13,2024-01-19 07:25:11,86,13.9,447,472,308,70,69,25,520,56,96,63,false
2024-01-18 00:53:52,2024-01-18 23:32:13,UTC-05:00,2024-01-18 00:53:52,2024-01-18 08:41:06,83,15.6,419,465,218,92,109,46,508,38,90,48,false
2024-01-16 21:43:01,2024-01-18 00:53:52,UTC-05:00,2024-01-16 21:43:01,2024-01-17 06:39:25,89,14.2,477,531,307,75,95,54,537,55,91,82,false
2024-01-15 22:28:08,2024-01-16 21:43:01,UTC-05:00,2024-01-15 22:28:08,2024-01-16 06:09:34,83,13.7,411,451,231,99,81,40,497,13,91,81,false
2024-01-14 20:52:19,2024-01-15 22:28:08,UTC-05:00,2024-01-14 20:52:19,2024-01-15 06:59:52,96,13.8,502,607,273,108,121,105,523,58,83,66,false
2024-01-13 22:54:57,2024-01-14 20:52:19,UTC-05:00,2024-01-13 22:54:57,2024-01-14 06:50:48,78,15.4,414,470,226,98,90,56,531,25,88,74,false
2024-01-12 22:10:13,2024-01-13 22:54:57,UTC-05:00,2024-01-12 22:10:13,2024-01-13 08:00:55,93,14.3,540,590,307,120,113,50,579,90,91,65,false
2024-01-11 23:33:55,2024-01-12 22:10:13,UTC-05:00,2024-01-11 23:33:55,2024-01-12 06:47:57,68,14.8,377,428,143,84,150,51,557,90,88,63,false
2024-01-11 00:04:09,2024-01-11 23:33:55,UTC-05:00,2024-01-11 00:04:09,2024-01-11 09:31:49,70,15.6,428,567,169,111,148,139,610,107,76,59,false
2024-01-10 01:23:26,2024-01-11 00:04:09,UTC-05:00,2024-01-10 01:23:26,2024-01-10 06:59:53,57,15.6,291,336,182,58,51,45,507,28,86,63,false
2024-01-08 22:29:42,2024-01-10 01:23:26,UTC-05:00,2024-01-08 22:29:42,2024-01-09 07:02:34,89,14.8,460,512,300,103,57,52,518,27,89,78,false
2024-01-07 23:17:05,2024-01-08 22:29:42,UTC-05:00,2024-01-07 23:17:05,2024-01-08 07:03:19,88,14.1,409,462,255,73,81,53,464,0,89,75,false
2024-01-06 21:39:16,2024-01-07 23:17:05,UTC-05:00,2024-01-06 21:39:16,2024-01-07 08:24:48,100,13.8,532,643,252,142,138,111,509,44,83,69,false
2024-01-05 22:58:33,2024-01-06 21:39:16,UTC-05:00,2024-01-05 22:58:33,2024-01-06 06:59:41,83,14.2,435,481,197,101,137,46,525,60,90,68,false
2024-01-05 01:10:13,2024-01-05 22:58:33,UTC-05:00,2024-01-05 01:10:13,2024-01-05 08:42:02,75,14.7,362,446,193,73,96,84,484,0,82,57,false
2024-01-03 21:24:16,2024-01-05 01:10:13,UTC-05:00,2024-01-03 21:24:16,2024-01-04 07:31:49,100,14.3,537,607,277,129,131,70,512,25,90,69,false
2024-01-03 00:14:21,2024-01-03 21:24:16,UTC-05:00,2024-01-03 00:14:21,2024-01-03 08:31:23,92,14.1,460,495,293,92,75,35,500,0,94,54,false
2024-01-01 21:23:16,2024-01-03 00:14:21,UTC-05:00,2024-01-01 21:23:16,2024-01-02 06:49:29,100,14.2,533,566,293,100,140,33,464,0,94,74,false
2023-12-31 21:06:24,2024-01-01 21:23:16,UTC-05:00,2023-12-31 21:06:24,2024-01-01 06:55:13,100,14.2,549,588,361,111,77,39,510,34,93,50,false
2023-12-30 22:30:21,2023-12-31 21:06:24,UTC-05:00,2023-12-30 22:30:21,2023-12-31 05:51:44,85,14.5,396,441,241,83,72,45,464,0,89,29,false
2023-12-29 23:30:02,2023-12-30 22:30:21,UTC-05:00,2023-12-29 23:30:02,2023-12-30 08:46:38,100,14.9,487,556,309,101,77,69,459,55,87,8,false
2023-12-28 23:00:43,2023-12-29 23:30:02,UTC-05:00,2023-12-29 17:30:01,2023-12-29 18:44:02,12,13.5,61,67,50,11,0,6,520,55,91,,true
2023-12-27 23:00:00,2023-12-28 23:00:43,UTC-05:00,2023-12-27 23:00:00,2023-12-28 05:00:00,100,16.2,126,360,90,21,15,234,103,34,61,27,false
2023-12-26 17:02:34,2023-12-27 23:00:00,UTC-05:00,2023-12-27 13:34:29,2023-12-27 21:08:42,79,13.8,395,454,269,59,67,59,498,34,87,,true
2023-12-26 17:02:34,2023-12-27 23:00:00,UTC-05:00,2023-12-26 17:02:34,2023-12-27 01:55:37,89,13.7,435,533,267,82,86,98,489,19,82,69,false
2023-12-26 01:16:52,2023-12-27 01:02:34,UTC+03:00,2023-12-26 01:16:52,2023-12-26 10:38:45,94,13.8,491,559,258,130,103,68,521,58,87,52,false
2023-12-25 03:48:25,2023-12-26 01:16:52,UTC+03:00,2023-12-25 03:48:25,2023-12-25 12:15:59,84,14.0,463,507,284,91,88,44,554,75,91,50,false
2023-12-23 23:45:43,2023-12-25 03:48:25,UTC+03:00,2023-12-23 23:45:43,2023-12-24 07:59:50,75,15.4,444,494,215,99,130,50,596,127,91,52,false
2023-12-23 03:39:46,2023-12-23 23:45:43,UTC+03:00,2023-12-23 03:39:46,2023-12-23 10:45:37,44,15.0,275,425,136,93,46,150,626,127,64,62,false
2023-12-22 04:25:23,2023-12-23 03:39:46,UTC+03:00,2023-12-22 04:25:23,2023-12-22 10:11:28,53,14.8,299,346,53,90,156,47,566,66,90,44,false
2023-12-21 01:52:50,2023-12-22 04:25:23,UTC+03:00,2023-12-21 01:52:50,2023-12-21 08:38:59,72,14.6,348,405,146,93,109,57,481,0,85,39,false
2023-12-19 22:51:19,2023-12-21 01:52:50,UTC+03:00,2023-12-19 22:51:19,2023-12-20 09:55:35,100,15.3,515,663,267,110,138,148,494,0,77,23,false
2023-12-18 22:22:54,2023-12-19 22:51:19,UTC+03:00,2023-12-18 22:22:54,2023-12-19 09:03:08,100,15.1,545,638,316,105,124,93,354,16,85,6,false
2023-12-16 21:35:39,2023-12-18 14:22:54,UTC-05:00,2023-12-17 13:29:29,2023-12-17 14:59:22,16,16.3,65,89,53,0,12,24,399,16,73,,true
2023-12-16 21:35:39,2023-12-18 14:22:54,UTC-05:00,2023-12-17 07:49:11,2023-12-17 09:23:24,17,15.4,84,92,73,0,11,8,483,16,94,,true
2023-12-15 22:38:39,2023-12-16 21:35:39,UTC-05:00,2023-12-15 22:38:39,2023-12-16 06:29:41,94,13.5,438,471,253,72,113,33,464,0,93,61,false
2023-12-14 21:35:39,2023-12-15 22:38:39,UTC-05:00,2023-12-14 21:35:39,2023-12-15 08:03:23,100,14.1,572,627,280,108,184,55,514,34,91,72,false
2023-12-13 23:50:01,2023-12-14 21:35:39,UTC-05:00,2023-12-13 23:50:01,2023-12-14 07:19:35,89,14.7,428,449,205,99,124,21,481,0,95,67,false
2023-12-13 01:00:00,2023-12-13 23:50:01,UTC-05:00,2023-12-13 01:00:00,2023-12-13 09:00:00,,,,,,,,,,,,,false
2023-12-11 20:49:51,2023-12-13 01:00:00,UTC-05:00,2023-12-11 20:49:51,2023-12-12 06:54:02,100,14.4,566,604,413,58,95,38,497,31,93,70,false
2023-12-10 21:15:56,2023-12-11 20:49:51,UTC-05:00,2023-12-10 21:15:56,2023-12-11 06:55:36,92,14.2,553,577,334,66,153,24,602,117,95,63,false
2023-12-10 01:06:36,2023-12-10 21:15:56,UTC-05:00,2023-12-10 01:06:36,2023-12-10 06:50:16,57,14.7,307,343,174,74,59,36,543,43,92,64,false
2023-12-09 00:10:47,2023-12-10 01:06:36,UTC-05:00,2023-12-09 00:10:47,2023-12-09 07:03:40,81,12.8,379,408,242,61,76,29,466,0,93,71,false
2023-12-07 21:04:15,2023-12-09 00:10:47,UTC-05:00,2023-12-07 21:04:15,2023-12-08 08:06:36,100,14.4,530,652,328,78,124,122,490,0,81,69,false
2023-12-06 21:56:36,2023-12-07 21:04:15,UTC-05:00,2023-12-06 21:56:36,2023-12-07 08:18:06,100,14.1,578,621,336,93,149,43,545,70,93,65,false
2023-12-06 00:25:23,2023-12-06 21:56:36,UTC-05:00,2023-12-06 00:25:23,2023-12-06 07:50:57,74,15.3,398,445,299,63,36,47,540,64,90,69,false
2023-12-04 23:05:55,2023-12-06 00:25:23,UTC-05:00,2023-12-04 23:05:55,2023-12-05 06:48:23,81,14.6,419,462,221,68,130,43,519,55,90,78,false
2023-12-04 00:12:06,2023-12-04 23:05:55,UTC-05:00,2023-12-04 00:12:06,2023-12-04 06:48:21,78,14.5,384,396,195,74,115,12,495,6,97,69,false
2023-12-02 19:53:07,2023-12-04 00:12:06,UTC-05:00,2023-12-02 19:53:07,2023-12-03 06:30:00,98,14.5,533,636,272,104,157,103,544,77,84,58,false
2023-12-01 22:43:14,2023-12-02 19:53:07,UTC-05:00,2023-12-01 22:43:14,2023-12-02 07:03:07,79,15.6,451,499,204,92,155,48,571,99,90,79,false
2023-12-01 00:39:15,2023-12-01 22:43:14,UTC-05:00,2023-12-01 00:39:15,2023-12-01 06:36:23,63,15.1,339,350,176,79,84,11,539,73,96,77,false
2023-11-29 22:17:26,2023-12-01 00:39:15,UTC-05:00,2023-11-29 22:17:26,2023-11-30 06:47:53,80,14.9,463,508,279,91,93,45,577,105,91,84,false
2023-11-29 00:32:47,2023-11-29 22:17:26,UTC-05:00,2023-11-29 00:32:47,2023-11-29 06:21:15,61,15.4,324,345,209,51,64,21,535,53,94,67,false
2023-11-27 22:14:30,2023-11-29 00:32:47,UTC-05:00,2023-11-27 22:14:30,2023-11-28 06:52:10,85,14.6,458,506,294,61,103,48,541,59,92,78,false
2023-11-26 22:28:48,2023-11-27 22:14:30,UTC-05:00,2023-11-26 22:28:48,2023-11-27 06:14:04,78,15.0,422,463,222,95,105,41,540,64,91,75,false
2023-11-25 22:23:55,2023-11-26 22:28:48,UTC-05:00,2023-11-25 22:23:55,2023-11-26 06:29:54,81,13.5,431,483,253,86,92,52,530,65,89,65,false
2023-11-24 23:44:38,2023-11-25 22:23:55,UTC-05:00,2023-11-24 23:44:38,2023-11-25 06:19:44,78,14.5,367,395,222,73,72,28,468,0,93,50,false
2023-11-23 22:31:24,2023-11-24 23:44:38,UTC-05:00,2023-11-23 22:31:24,2023-11-24 10:58:49,100,14.7,636,747,344,134,158,111,499,34,85,54,false
2023-11-22 22:40:01,2023-11-23 22:31:24,UTC-05:00,2023-11-22 22:40:01,2023-11-23 07:34:30,90,14.6,488,534,177,126,185,46,542,78,92,81,false
2023-11-21 23:18:55,2023-11-22 22:40:01,UTC-05:00,2023-11-21 23:18:55,2023-11-22 07:34:28,78,15.4,434,492,272,93,69,58,556,67,88,76,false
2023-11-20 21:44:11,2023-11-21 23:18:55,UTC-05:00,2023-11-20 21:44:11,2023-11-21 06:14:39,81,14.1,460,510,269,97,94,50,565,99,90,74,false
2023-11-19 23:52:27,2023-11-20 21:44:11,UTC-05:00,2023-11-19 23:52:27,2023-11-20 06:08:50,64,14.2,348,376,196,68,84,28,547,82,92,84,false
2023-11-18 22:54:44,2023-11-19 23:52:27,UTC-05:00,2023-11-18 22:54:44,2023-11-19 07:01:10,72,14.6,430,484,181,105,144,54,594,127,91,82,false
2023-11-17 22:57:42,2023-11-18 22:54:44,UTC-05:00,2023-11-17 22:57:42,2023-11-18 06:33:22,52,14.7,300,452,122,73,105,152,575,96,66,74,false
2023-11-16 23:51:30,2023-11-17 22:57:42,UTC-05:00,2023-11-16 23:51:30,2023-11-17 07:07:56,68,14.5,409,434,229,77,103,25,602,127,94,69,false
2023-11-16 02:04:07,2023-11-16 23:51:30,UTC-05:00,2023-11-16 02:04:07,2023-11-16 05:59:39,42,15.0,213,224,129,59,25,11,510,18,95,53,false
2023-11-14 21:53:10,2023-11-16 02:04:07,UTC-05:00,2023-11-14 21:53:10,2023-11-15 07:06:53,94,14.4,477,546,260,121,96,69,505,12,87,84,false
2023-11-13 21:19:56,2023-11-14 21:53:10,UTC-05:00,2023-11-13 21:19:56,2023-11-14 06:27:53,96,14.2,508,547,221,136,151,39,526,61,92,74,false
2023-11-12 22:00:45,2023-11-13 21:19:56,UTC-05:00,2023-11-12 22:00:45,2023-11-13 07:01:30,84,14.4,483,539,234,131,118,56,578,86,92,71,false
2023-11-11 23:28:12,2023-11-12 22:00:45,UTC-05:00,2023-11-11 23:28:12,2023-11-12 06:50:24,69,14.5,377,436,241,74,62,59,550,81,87,79,false
2023-11-10 23:45:28,2023-11-11 23:28:12,UTC-05:00,2023-11-10 23:45:28,2023-11-11 06:43:09,70,15.2,372,411,175,71,126,39,534,43,90,79,false
2023-11-09 23:36:45,2023-11-10 23:45:28,UTC-05:00,2023-11-09 23:36:45,2023-11-10 08:48:32,88,15.2,484,551,223,111,150,67,551,65,87,76,false
2023-11-09 00:24:18,2023-11-09 23:36:45,UTC-05:00,2023-11-09 00:24:18,2023-11-09 07:59:58,75,15.2,391,455,236,111,44,64,523,26,86,72,false
2023-11-07 22:55:42,2023-11-09 00:24:18,UTC-05:00,2023-11-07 22:55:42,2023-11-08 07:12:47,91,14.7,442,497,262,79,101,55,483,9,88,73,false
2023-11-06 22:00:23,2023-11-07 22:55:42,UTC-05:00,2023-11-06 22:00:23,2023-11-07 07:56:58,97,14.5,524,596,269,112,143,72,539,74,87,66,false
2023-11-06 00:08:46,2023-11-06 22:00:23,UTC-05:00,2023-11-06 00:08:46,2023-11-06 06:49:38,72,14.1,376,400,213,68,95,24,524,59,93,69,false
2023-11-04 20:36:46,2023-11-06 00:08:46,UTC-05:00,2023-11-04 20:36:46,2023-11-05 06:54:25,85,14.8,541,617,247,111,183,76,634,106,87,59,false
2023-11-04 01:57:15,2023-11-04 21:36:46,UTC-04:00,2023-11-04 01:57:15,2023-11-04 06:59:35,57,15.0,286,302,133,60,93,16,498,22,98,56,false
2023-11-02 23:22:51,2023-11-04 01:57:15,UTC-04:00,2023-11-02 23:22:51,2023-11-03 08:55:48,94,14.3,537,566,185,126,226,29,572,86,94,70,false
2023-11-02 00:00:35,2023-11-02 23:22:51,UTC-04:00,2023-11-02 00:00:35,2023-11-02 07:24:01,76,14.6,433,443,246,79,108,10,567,88,97,80,false
2023-10-31 23:00:44,2023-11-02 00:00:35,UTC-04:00,2023-10-31 23:00:44,2023-11-01 07:00:14,77,14.4,450,479,265,99,86,29,589,116,94,,false
2023-10-31 00:48:38,2023-10-31 23:00:44,UTC-04:00,2023-10-31 00:48:38,2023-10-31 06:10:12,56,14.7,301,321,186,49,66,20,533,70,93,,false
2023-10-27 02:02:00,2023-10-28 02:02:00,UTC-04:00,2023-10-27 02:02:00,2023-10-27 12:02:00,,,,,,,,,,,,,false
2023-10-26 00:08:49,2023-10-27 02:02:00,UTC-04:00,2023-10-26 00:08:49,2023-10-26 07:12:45,74,14.8,397,423,231,62,104,26,539,49,94,71,false
2023-10-24 23:05:43,2023-10-26 00:08:49,UTC-04:00,2023-10-24 23:05:43,2023-10-25 06:06:46,80,14.2,391,420,231,54,106,29,490,7,93,,false
2023-10-23 21:51:45,2023-10-24 23:05:43,UTC-04:00,2023-10-23 21:51:45,2023-10-24 06:29:53,97,14.8,484,518,250,92,142,34,499,0,93,,false
